,kdsu.kdig,su.ig
0,ACQ5T.ACQ5T,ACQ5T.ACQ5T
1,ContinuationReport.ContinuationReport,ContinuationReport.ContinuationReport
2,HRU.DOCLoop,HRU.DOCLoop
3,EligibilityReport.EligibilityReport,EligibilityReport.EligibilityReport
4,EveningDiary.EveningDiary,EveningDiary.EveningDiary
5,HHTrainingModule.HHTrainingModule,HHTrainingModule.HHTrainingModule
6,HRU.HRU,HRU.HRU
7,MorningDiary.MorningDiary,MorningDiary.MorningDiary
8,PHQ.PHQ9,PHQ.PHQ9
9,PHQHandheld.PHQ9,PHQHandheld.PHQ9
10,HRU.SHPLoop,HRU.SHPLoop
11,TabletTrainingModule.TabletTrainingModule,TabletTrainingModule.TabletTrainingModule
12,WPAISHP.WPAI,WPAISHP.WPAI
